<resources>

	<!-- Logo -->
	<surface name = "logo" file = "misc/logo.png"/>

  <!-- Zone top represents the zone where are the pieces you control -->
  <integer name = "zone_top" value = "110" />

  <!-- Coords for score displaying -->
  <integer name = "score_top" value = "50" />
  <integer name = "score_left" value = "600" />
  <integer name = "bonus_score_top" value = "150" />
  <integer name = "bonus_score_left" value ="600" />
  <integer name = "hight_score_top" value = "250" />
  <integer name = "hight_score_left" value ="600" />

  
  <!-- Coords of the body -->
  <section name = "game">
    <integer name = "top" value = "231" />
    <integer name = "left" value = "245" />

    <!-- Coords of the two next pieces -->
    <integer name = "next_top" value = "38" />
    <integer name = "next_left" value = "395" />
  </section>

  <!-- This section contains pieces informations -->
  <section name = "pieces">

    <!-- Size of the pieces -->
    <integer name = "width" value = "52" />
    <integer name = "height" value = "52" />

    <integer name = "space_h" value = "2" />
    <integer name = "space_v" value = "2" />

    <!-- About the piece 1 -->
    <section name = "piece_1">

                  <!-- Normal sprite, which you see the most of the time -->
                  <sprite name = "normal">
		    <image file = "piece1/normal.png" />
		  </sprite>

                  <!-- Appearing sprite, when you create one -->
		  <sprite name = "appear">
		    <image file="piece1/appear.png">
		      <grid pos="0,0" size="50,50" />
			   </image>
		    <image file="piece1/appear.png">
		      <grid pos="50,0" size="50,50" />
		    </image>
		    <image file="piece1/appear.png">
		      <grid pos="100,0" size="50,50" />
		   	</image>
		     <animation speed="50" />
		  </sprite>

                  <!-- Disappearing sprite, when you brokes three or more -->
		  <sprite name = "disappear">
		    <image file="piece1/disappear.png">
		      <grid pos="0,0" size="50,50" />
			   </image>
		    <image file="piece1/disappear.png">
		      <grid pos="50,0" size="50,50" />
		    </image>
		    <image file="piece1/disappear.png">
		      <grid pos="100,0" size="50,50" />
		   	</image>
		     <animation speed="50" />
		  </sprite> 
		  <sprite name = "little">
		    <image file = "piece1/little.png" />
		  </sprite>
		  
		  <integer name = "progress-x" value = "17" />
			<integer name = "progress-y" value = "60" />
		  
		</section>
		
		<section name = "piece_2">
		  <sprite name = "normal">
		    <image file = "piece2/normal.png" />
		  </sprite>
		  <sprite name = "appear">
		    <image file="piece2/appear.png">
		      <grid pos="0,0" size="50,50" />
			   </image>
		    <image file="piece2/appear.png">
		      <grid pos="50,0" size="50,50" />
		    </image>
		    <image file="piece2/appear.png">
		      <grid pos="100,0" size="50,50" />
		   	</image>
		     <animation speed="50" />
		  </sprite>
		  <sprite name = "disappear">
		    <image file="piece2/disappear.png">
		      <grid pos="0,0" size="50,50" />
			   </image>
		    <image file="piece2/disappear.png">
		      <grid pos="50,0" size="50,50" />
		    </image>
		    <image file="piece2/disappear.png">
		      <grid pos="100,0" size="50,50" />
		   	</image>
		     <animation speed="50" />
		  </sprite> 
		  <sprite name = "little">
		    <image file = "piece2/little.png" />
		  </sprite>
		  
		  <integer name = "progress-x" value = "17" />
			<integer name = "progress-y" value = "105" />
		  
		</section>
		
		<section name = "piece_3">
		  <sprite name = "normal">
		    <image file = "piece3/normal.png" />
		  </sprite>
		  <sprite name = "appear">
		    <image file="piece3/appear.png">
		      <grid pos="0,0" size="50,50" />
			   </image>
		    <image file="piece3/appear.png">
		      <grid pos="50,0" size="50,50" />
		    </image>
		    <image file="piece3/appear.png">
		      <grid pos="100,0" size="50,50" />
		   	</image>
		     <animation speed="50" />
		  </sprite>
		  <sprite name = "disappear">
		    <image file="piece3/disappear.png">
		      <grid pos="0,0" size="50,50" />
			   </image>
		    <image file="piece3/disappear.png">
		      <grid pos="50,0" size="50,50" />
		    </image>
		    <image file="piece3/disappear.png">
		      <grid pos="100,0" size="50,50" />
		   	</image>
		     <animation speed="50" />
		  </sprite> 
		  <sprite name = "little">
		    <image file = "piece3/little.png" />
		  </sprite>
		  
		  <integer name = "progress-x" value = "17" />
			<integer name = "progress-y" value = "150" />
		  
		</section>
		
		<section name = "piece_4">
		  <sprite name = "normal">
		    <image file = "piece4/normal.png" />
		  </sprite>
		  <sprite name = "appear">
		    <image file="piece4/appear.png">
		      <grid pos="0,0" size="50,50" />
			   </image>
		    <image file="piece4/appear.png">
		      <grid pos="50,0" size="50,50" />
		    </image>
		    <image file="piece4/appear.png">
		      <grid pos="100,0" size="50,50" />
		   	</image>
		     <animation speed="50" />
		  </sprite>
		  <sprite name = "disappear">
		    <image file="piece4/disappear.png">
		      <grid pos="0,0" size="50,50" />
			   </image>
		    <image file="piece4/disappear.png">
		      <grid pos="50,0" size="50,50" />
		    </image>
		    <image file="piece4/disappear.png">
		      <grid pos="100,0" size="50,50" />
		   	</image>
		     <animation speed="50" />
		  </sprite> 
		  <sprite name = "little">
		    <image file = "piece4/little.png" />
		  </sprite>
			<sprite name= "hidder">
				<image file ="piece4/hidder.png" />
			</sprite>	
		  
		  <integer name = "progress-x" value = "17" />
			<integer name = "progress-y" value = "196" />
		  
		</section>
		<section name = "piece_5">
		  <sprite name = "normal">
		    <image file = "piece5/normal.png" />
		  </sprite>
		  <sprite name = "appear">
		    <image file="piece5/appear.png">
		      <grid pos="0,0" size="50,50" />
			   </image>
		    <image file="piece5/appear.png">
		      <grid pos="50,0" size="50,50" />
		    </image>
		    <image file="piece5/appear.png">
		      <grid pos="100,0" size="50,50" />
		   	</image>
		     <animation speed="50" />
		  </sprite>
		  <sprite name = "disappear">
		    <image file="piece5/disappear.png">
		      <grid pos="0,0" size="50,50" />
			   </image>
		    <image file="piece5/disappear.png">
		      <grid pos="50,0" size="50,50" />
		    </image>
		    <image file="piece5/disappear.png">
		      <grid pos="100,0" size="50,50" />
		   	</image>
		     <animation speed="50" />
		  </sprite> 
		  <sprite name = "little">
		    <image file = "piece5/little.png" />
		  </sprite>
		  <sprite name= "hidder">
				<image file ="piece5/hidder.png" />
			</sprite>	
		  
		  <integer name = "progress-x" value = "17" />
			<integer name = "progress-y" value = "239" />
		  
		</section>
		<section name = "piece_6">
		  <sprite name = "normal">
		    <image file = "piece6/normal.png" />
		  </sprite>
		  <sprite name = "appear">
		    <image file="piece6/appear.png">
		      <grid pos="0,0" size="50,50" />
			   </image>
		    <image file="piece6/appear.png">
		      <grid pos="50,0" size="50,50" />
		    </image>
		    <image file="piece6/appear.png">
		      <grid pos="100,0" size="50,50" />
		   	</image>
		     <animation speed="50" />
		  </sprite>
		  <sprite name = "disappear">
		    <image file="piece6/disappear.png">
		      <grid pos="0,0" size="50,50" />
			   </image>
		    <image file="piece6/disappear.png">
		      <grid pos="50,0" size="50,50" />
		    </image>
		    <image file="piece6/disappear.png">
		      <grid pos="100,0" size="50,50" />
		   	</image>
		     <animation speed="50" />
		  </sprite> 
		  <sprite name = "little">
		    <image file = "piece6/little.png" />
		  </sprite>
			<sprite name= "hidder">
				<image file ="piece6/hidder.png" />
			</sprite>
		  
		  <integer name = "progress-x" value = "17" />
			<integer name = "progress-y" value = "285" />
		  
		</section>
		<section name = "piece_7">
		  <sprite name = "normal">
		    <image file = "piece7/normal.png" />
		  </sprite>
		  <sprite name = "appear">
		    <image file="piece7/appear.png">
		      <grid pos="0,0" size="50,50" />
			   </image>
		    <image file="piece7/appear.png">
		      <grid pos="50,0" size="50,50" />
		    </image>
		    <image file="piece7/appear.png">
		      <grid pos="100,0" size="50,50" />
		   	</image>
		     <animation speed="50" />
		  </sprite>
		  <sprite name = "disappear">
		    <image file="piece7/disappear.png">
		      <grid pos="0,0" size="50,50" />
			   </image>
		    <image file="piece7/disappear.png">
		      <grid pos="50,0" size="50,50" />
		    </image>
		    <image file="piece7/disappear.png">
		      <grid pos="100,0" size="50,50" />
		   	</image>
		     <animation speed="50" />
		  </sprite> 
		  <sprite name = "little">
		    <image file = "piece7/little.png" />
		  </sprite>
			<sprite name= "hidder">
				<image file ="piece7/hidder.png" />
			</sprite>
		  
		  <integer name = "progress-x" value = "17" />
			<integer name = "progress-y" value = "331" />
		  
		</section>
		<section name = "piece_8">
		  <sprite name = "normal">
		    <image file = "piece8/normal.png" />
		  </sprite>
		  <sprite name = "appear">
		    <image file="piece8/appear.png">
		      <grid pos="0,0" size="50,50" />
			   </image>
		    <image file="piece8/appear.png">
		      <grid pos="50,0" size="50,50" />
		    </image>
		    <image file="piece8/appear.png">
		      <grid pos="100,0" size="50,50" />
		   	</image>
		     <animation speed="50" />
		  </sprite>
		  <sprite name = "disappear">
		    <image file="piece8/disappear.png">
		      <grid pos="0,0" size="50,50" />
			   </image>
		    <image file="piece8/disappear.png">
		      <grid pos="50,0" size="50,50" />
		    </image>
		    <image file="piece8/disappear.png">
		      <grid pos="100,0" size="50,50" />
		   	</image>
		     <animation speed="50" />
		  </sprite> 
		  <sprite name = "little">
		    <image file = "piece8/little.png" />
		  </sprite>
			<sprite name= "hidder">
				<image file ="piece8/hidder.png" />
			</sprite>

			<integer name = "progress-x" value = "17" />
			<integer name = "progress-y" value = "375" />

		</section>
		<section name = "piece_9">
		  <sprite name = "normal">
		    <image file = "piece9/normal.png" />
		  </sprite>
		  <sprite name = "appear">
		    <image file="piece9/appear.png">
		      <grid pos="0,0" size="50,50" />
			   </image>
		    <image file="piece9/appear.png">
		      <grid pos="50,0" size="50,50" />
		    </image>
		    <image file="piece9/appear.png">
		      <grid pos="100,0" size="50,50" />
		   	</image>
		     <animation speed="50" />
		  </sprite>
		  <sprite name = "disappear">
		    <image file="piece9/disappear.png">
		      <grid pos="0,0" size="50,50" />
			   </image>
		    <image file="piece9/disappear.png">
		      <grid pos="50,0" size="50,50" />
		    </image>
		    <image file="piece9/disappear.png">
		      <grid pos="100,0" size="50,50" />
		   	</image>
		     <animation speed="50" />
		  </sprite> 
		  <sprite name = "little">
		    <image file = "piece9/little.png" />
		  </sprite>
			<sprite name= "hidder">
				<image file ="piece9/hidder.png" />
			</sprite>
		  
		  <integer name = "progress-x" value = "17" />
			<integer name = "progress-y" value = "421" />
		  
		</section>
		<section name = "piece_10">
		  <sprite name = "normal">
		    <image file = "piece10/normal.png" />
		  </sprite>
		  <sprite name = "appear">
		    <image file="piece10/appear.png">
		      <grid pos="0,0" size="50,50" />
			   </image>
		    <image file="piece10/appear.png">
		      <grid pos="50,0" size="50,50" />
		    </image>
		    <image file="piece10/appear.png">
		      <grid pos="100,0" size="50,50" />
		   	</image>
		     <animation speed="50" />
		  </sprite>
		  <sprite name = "disappear">
		    <image file="piece10/disappear.png">
		      <grid pos="0,0" size="50,50" />
			   </image>
		    <image file="piece10/disappear.png">
		      <grid pos="50,0" size="50,50" />
		    </image>
		    <image file="piece10/disappear.png">
		      <grid pos="100,0" size="50,50" />
		   	</image>
		     <animation speed="50" />
		  </sprite> 
		  <sprite name = "little">
		    <image file = "piece10/little.png" />
		  </sprite>
			<sprite name= "hidder">
				<image file ="piece10/hidder.png" />
			</sprite>
		  
		  <integer name = "progress-x" value = "17" />
			<integer name = "progress-y" value = "466" />
		  
		</section>
		<section name = "piece_11">
		  <sprite name = "normal">
		    <image file = "piece11/normal.png" />
		  </sprite>
		  <sprite name = "appear">
		    <image file="piece11/appear.png">
		      <grid pos="0,0" size="50,50" />
			   </image>
		    <image file="piece11/appear.png">
		      <grid pos="50,0" size="50,50" />
		    </image>
		    <image file="piece11/appear.png">
		      <grid pos="100,0" size="50,50" />
		   	</image>
		     <animation speed="50" />
		  </sprite>
		  <sprite name = "disappear">
		    <image file="piece11/disappear.png">
		      <grid pos="0,0" size="50,50" />
			   </image>
		    <image file="piece11/disappear.png">
		      <grid pos="50,0" size="50,50" />
		    </image>
		    <image file="piece11/disappear.png">
		      <grid pos="100,0" size="50,50" />
		   	</image>
		     <animation speed="50" />
		  </sprite> 
		  <sprite name = "little">
		    <image file = "piece11/little.png" />
		  </sprite>
			<sprite name= "hidder">
				<image file ="piece11/hidder.png" />
			</sprite>
		  
		  <integer name = "progress-x" value = "17" />
			<integer name = "progress-y" value = "510" />
		  
		</section>
		<section name = "piece_12">
		  <sprite name = "normal">
		    <image file = "piece12/normal.png" />
		  </sprite>
		  <sprite name = "appear">
		    <image file="piece12/appear.png">
		      <grid pos="0,0" size="50,50" />
			   </image>
		    <image file="piece12/appear.png">
		      <grid pos="50,0" size="50,50" />
		    </image>
		    <image file="piece12/appear.png">
		      <grid pos="100,0" size="50,50" />
		   	</image>
		     <animation speed="50" />
		  </sprite>
		  <sprite name = "disappear">
		    <image file="piece12/disappear.png">
		      <grid pos="0,0" size="50,50" />
			   </image>
		    <image file="piece12/disappear.png">
		      <grid pos="50,0" size="50,50" />
		    </image>
		    <image file="piece12/disappear.png">
		      <grid pos="100,0" size="50,50" />
		   	</image>
		     <animation speed="50" />
		  </sprite> 
		  <sprite name = "little">
		    <image file = "piece12/little.png" />
		  </sprite>
		  <sprite name= "hidder">
				<image file ="piece12/hidder.png" />
			</sprite>
		  
		  <integer name = "progress-x" value = "17" />
			<integer name = "progress-y" value = "556" />
		  
		</section>


  </section>
  
  
  <!-- background image -->
  <surface name = "background" file = "misc/landscape.png"/>

  <!-- game over message -->
  <surface name = "gameover" file = "misc/gameover.png" />
  <integer name = "gameover_x" value = "0" />
  <integer name = "gameover_y" value = "0" />

  <!-- font to display score -->
  <sprite name="font_glyph">
    <image file="misc/font4.png">
      <grid pos="1,0" size="14,40" />
    </image>
    <image file="misc/font4.png">
      <grid pos="16,0" size="14,40" />
    </image>
    <image file="misc/font4.png">
      <grid pos="31,0" size="14,40" />
    </image>
    <image file="misc/font4.png">
      <grid pos="46,0" size="14,40" />
    </image>
    <image file="misc/font4.png">
      <grid pos="61,0" size="14,40" />
    </image>
    <image file="misc/font4.png">
      <grid pos="76,0" size="14,40" />
    </image>
    <image file="misc/font4.png">
      <grid pos="92,0" size="14,40" />
    </image>
    <image file="misc/font4.png">
      <grid pos="107,0" size="14,40" />
    </image>
    <image file="misc/font4.png">
      <grid pos="121,0" size="14,40" />
    </image>
    <image file="misc/font4.png">
      <grid pos="136,0" size="14,40" />
    </image>

  </sprite>

 	<section name="skins-selector">
 		<sprite name="cursor">
 			<image file="misc/skin-cursor.png" />
 		</sprite>
 	</section>
  
  <section name="progress-bar">
  	<integer name="left" value="669" />
  
		<section name = "head">
			<sprite name="sprite">
				<image file="misc/bar-head.png" />
			</sprite>
			
			<sprite name="sprite-ok">
				<image file="misc/bar-head-ok.png" />
			</sprite>
			
			<integer name="top" value="305" />	
			
		</section>
		
		<section name="foot">
			<sprite name="sprite">
				<image file="misc/bar-foot.png" />
			</sprite>
			
			<integer name="top" value="515" />
			
		</section>
		
		<section name="item">
			<sprite name="sprite">
				<image file="misc/bar-item.png" />
			</sprite>
			
			<sprite name="sprite-ok">
				<image file="misc/bar-item-ok.png" />
			</sprite>
		</section>  
  	
  </section>
  
  <section name="menu">
  	<section name="pause">

                <boolean name = "alpha_appearing" value = "true" />       
                <integer name = "alpha_max" value = "65" /> 

  		<sprite name="background">
  			<image file="dialogs/pause/pause.png">
  				<grid pos="0,0" size="500,550" />
  			</image>
  		</sprite>
  		
  		<section name="resume">
  			<sprite name="selected">
  				<image file="dialogs/pause/resume-selected.png" />
  			</sprite>
  			<sprite name="unselected">
  				<image file="dialogs/pause/resume-unselected.png" />
  			</sprite>
  			
  			<integer name="top" value="100" />
  			<integer name="left" value="100" />
  			
  		</section>
  		
  		<section name="undo">
  			<sprite name="selected">
  				<image file="dialogs/pause/undo-selected.png" />  					
  			</sprite>
  			<sprite name="unselected">
  				<image file="dialogs/pause/undo-unselected.png" />  					
  			</sprite>
  			<sprite name="unavailable">
  				<image file="dialogs/pause/undo-unavailable.png" />  					
  			</sprite>
  			
  			<integer name="top" value="150" />
  			<integer name="left" value="100" />
  			
  		</section>
  		
  		<section name="retry">
  			<sprite name="selected">
  				<image file="dialogs/pause/retry-selected.png" />  					
  			</sprite>
  			<sprite name="unselected">
  				<image file="dialogs/pause/retry-unselected.png" />  					
  			</sprite>
  			
  			<integer name="top" value="200" />
  			<integer name="left" value="100" />
  			
  		</section>
  		
  		<section name="changeskin">
  			<sprite name="selected">
  				<image file="dialogs/pause/changeskin-selected.png" />  					
  			</sprite>
  			<sprite name="unselected">
  				<image file="dialogs/pause/changeskin-unselected.png" />  					
  			</sprite>
  			
  			<integer name="top" value="250" />
  			<integer name="left" value="100" />
  			
  		</section>
  		
  		<section name="fullscreen">
  			<sprite name="selected">
  				<image file="dialogs/pause/fullscreen-selected.png" />  					
  			</sprite>
  			<sprite name="unselected">
  				<image file="dialogs/pause/fullscreen-unselected.png" />  					
  			</sprite>
  			
  			<integer name="top" value="300" />
  			<integer name="left" value="100" />
  			
  		</section>
		
		<section name="sound">
  			<sprite name="selected">
  				<image file="dialogs/pause/sound-selected.png" />  					
  			</sprite>
  			<sprite name="unselected">
  				<image file="dialogs/pause/sound-unselected.png" />  					
  			</sprite>
  			
  			<integer name="top" value="350" />
  			<integer name="left" value="100" />
  			
  		</section>
		
		<section name="music">
  			<sprite name="selected">
  				<image file="dialogs/pause/music-selected.png" />  					
  			</sprite>
  			<sprite name="unselected">
  				<image file="dialogs/pause/music-unselected.png" />  					
  			</sprite>
  			
  			<integer name="top" value="400" />
  			<integer name="left" value="100" />
  			
  		</section>
  		
  		<section name="backmain">
  			<sprite name="selected">
  				<image file="dialogs/pause/back-selected.png" />  					
  			</sprite>
  			<sprite name="unselected">
  				<image file="dialogs/pause/back-unselected.png" />  					
  			</sprite>
  			
  			<integer name="top" value="450" />
  			<integer name="left" value="100" />
  			
  		</section>
  		
  		<section name="quit">
  			<sprite name="selected">
  				<image file="dialogs/pause/quit-selected.png" />  					
  			</sprite>
  			<sprite name="unselected">
  				<image file="dialogs/pause/quit-unselected.png" />  					
  			</sprite>
  			
  			<integer name="top" value="500" />
  			<integer name="left" value="100" />
  			
  		</section>
		
		<section name="sound-level">
			<integer name="left" value="300" />
		
			<sprite name="0">
				<image file="dialogs/pause/level-0.png" />
			</sprite>
			
			<sprite name="1">
				<image file="dialogs/pause/level-1.png" />
			</sprite>
			
			<sprite name="2">
				<image file="dialogs/pause/level-2.png" />
			</sprite>
			
			<sprite name="3">
				<image file="dialogs/pause/level-3.png" />
			</sprite>
			
			<sprite name="4">
				<image file="dialogs/pause/level-4.png" />
			</sprite>
			
			<sprite name="5">
				<image file="dialogs/pause/level-5.png" />
			</sprite>
			
			<sprite name="6">
				<image file="dialogs/pause/level-6.png" />
			</sprite>
			
			<sprite name="7">
				<image file="dialogs/pause/level-7.png" />
			</sprite>
			
			<sprite name="8">
				<image file="dialogs/pause/level-8.png" />
			</sprite>
			
			<sprite name="9">
				<image file="dialogs/pause/level-9.png" />
			</sprite>
			
			<sprite name="10">
				<image file="dialogs/pause/level-10.png" />
			</sprite>
		</section>
  	
  	
  	</section> 
  
  
  	<section name="new-hightscore">
  		<sprite name="dialog">
  			<image file="dialogs/hightscores/new-hightscore.png">
  				<grid pos="0,0" size="500,300" />
  			</image>
  		</sprite>

  		<integer name = "new-score-top" value = "270" />
  		<integer name = "old-score-top" value = "370" />  		
  	</section>
  </section>
  
  
  <font name="font">
    <bitmap glyphs="font_glyph" letters="0123456789" spacelen="35"  />
  </font>
    
  
</resources>      
